<?xml version="1.0" encoding="UTF-8"?><toc xmlns:toc="http://www.oxygenxml.com/ns/webhelp/toc" xmlns="http://www.oxygenxml.com/ns/webhelp/toc" xmlns:xhtml="http://www.w3.org/1999/xhtml"><title><span xmlns="http://www.w3.org/1999/xhtml" class="booktitle">  <span class="ph mainbooktitle">College Curling Procedures</span>  </span></title><topic href="register_player.html" data-id="concept_e3r_1tq_sjb" wh-toc-id="concept_e3r_1tq_sjb-d62e14"><title>Register as U.S. College Tour Player</title><shortdesc><p xmlns="http://www.w3.org/1999/xhtml" class="shortdesc">How to register players as U.S. College Tour Players</p></shortdesc><topicmeta><resourceid class="- topic/resourceid " oxy-source="topic" appid="concept_e3r_1tq_sjb"></resourceid><navtitle class="- topic/navtitle ">Register as U.S. College Tour Player</navtitle><?ditaot gentext?><linktext class="- map/linktext ">Register as U.S. College Tour Player</linktext><?ditaot genshortdesc?><shortdesc class="- map/shortdesc ">How to register players as U.S. College Tour Players</shortdesc></topicmeta><topic href="member_USCA.html" data-id="concept_jmc_tvp_sjb" wh-toc-id="concept_jmc_tvp_sjb-d62e25"><title>Become a Member of the USCA</title><shortdesc><p xmlns="http://www.w3.org/1999/xhtml" class="shortdesc">To become a registered USA College Tour player, you must have a USCA         membership.</p></shortdesc><topicmeta><resourceid class="- topic/resourceid " oxy-source="topic" appid="concept_jmc_tvp_sjb"></resourceid><navtitle class="- topic/navtitle ">Become a Member of the USCA</navtitle><?ditaot gentext?><linktext class="- map/linktext ">Become a Member of the USCA</linktext><?ditaot genshortdesc?><shortdesc class="- map/shortdesc ">To become a registered USA College Tour player, you must have a USCA         membership.</shortdesc></topicmeta><topic href="register_curling-club.html" data-id="become_a_member_of_usca" wh-toc-id="become_a_member_of_usca-d62e36"><title>Register as a Member of the Dakota Curling Club</title><shortdesc><p xmlns="http://www.w3.org/1999/xhtml" class="shortdesc"> If you are not already a USCA member, here is how to register for the Dakota Curling         Club.</p></shortdesc><topicmeta><resourceid class="- topic/resourceid " oxy-source="topic" appid="become_a_member_of_usca"></resourceid><navtitle class="- topic/navtitle ">Register as a Member of the Dakota Curling Club</navtitle><?ditaot gentext?><linktext class="- map/linktext ">Register as a Member of the Dakota Curling Club</linktext><?ditaot genshortdesc?><shortdesc class="- map/shortdesc "> If you are not already a USCA member, here is how to register for the Dakota Curling         Club.</shortdesc></topicmeta></topic></topic><topic href="register_google-form.html" data-id="task_wq1_j1q_sjb" wh-toc-id="task_wq1_j1q_sjb-d62e47"><title>Fill out Player Registration Google Form</title><shortdesc><p xmlns="http://www.w3.org/1999/xhtml" class="shortdesc">Send college curling your USCA membership information and finish registering as a USA         College Tour player</p></shortdesc><topicmeta><resourceid class="- topic/resourceid " oxy-source="topic" appid="task_wq1_j1q_sjb"></resourceid><navtitle class="- topic/navtitle ">Fill out Player Registration Google Form</navtitle><?ditaot gentext?><linktext class="- map/linktext ">Fill out Player Registration Google Form</linktext><?ditaot genshortdesc?><shortdesc class="- map/shortdesc ">Send college curling your USCA membership information and finish registering as a USA         College Tour player</shortdesc></topicmeta></topic></topic><topic href="report_merit-points.html" data-id="concept_lwn_4vq_sjb" wh-toc-id="concept_lwn_4vq_sjb-d62e59"><title>Reporting Merit Points</title><shortdesc><p xmlns="http://www.w3.org/1999/xhtml" class="shortdesc">How to report merit points to U.S. College Curling</p></shortdesc><topicmeta><resourceid class="- topic/resourceid " oxy-source="topic" appid="concept_lwn_4vq_sjb"></resourceid><navtitle class="- topic/navtitle ">Reporting Merit Points</navtitle><?ditaot gentext?><linktext class="- map/linktext ">Reporting Merit Points</linktext><?ditaot genshortdesc?><shortdesc class="- map/shortdesc ">How to report merit points to U.S. College Curling</shortdesc></topicmeta></topic></toc>